[
  {
    "en": "Makeshift Crossbow",
    "cn": "拼凑战弩",
    "img": "https://cdn.poe2db.tw/image/Art/2DItems/Weapons/TwoHandWeapons/Crossbows/2HCrossbow01.webp",
    "type": "base_item"
  },
  {
    "en": "Tense Crossbow",
    "cn": "紧弦战弩",
    "img": "https://cdn.poe2db.tw/image/Art/2DItems/Weapons/TwoHandWeapons/Crossbows/2HCrossbow02.webp",
    "type": "base_item"
  },
  {
    "en": "Sturdy Crossbow",
    "cn": "坚固战弩",
    "img": "https://cdn.poe2db.tw/image/Art/2DItems/Weapons/TwoHandWeapons/Crossbows/2HCrossbow03.webp",
    "type": "base_item"
  },
  {
    "en": "Varnished Crossbow",
    "cn": "浸漆战弩",
    "img": "https://cdn.poe2db.tw/image/Art/2DItems/Weapons/TwoHandWeapons/Crossbows/2HCrossbow04.webp",
    "type": "base_item"
  },
  {
    "en": "Dyad Crossbow",
    "cn": "双联战弩",
    "img": "https://cdn.poe2db.tw/image/Art/2DItems/Weapons/TwoHandWeapons/Crossbows/2HCrossbow05.webp",
    "type": "base_item"
  },
  {
    "en": "Alloy Crossbow",
    "cn": "合金战弩",
    "img": "https://cdn.poe2db.tw/image/Art/2DItems/Weapons/TwoHandWeapons/Crossbows/2HCrossbow06.webp",
    "type": "base_item"
  },
  {
    "en": "Bombard Crossbow",
    "cn": "轰炸战弩",
    "img": "https://cdn.poe2db.tw/image/Art/2DItems/Weapons/TwoHandWeapons/Crossbows/2HCrossbow07.webp",
    "type": "base_item"
  },
  {
    "en": "Construct Crossbow",
    "cn": "构造战弩",
    "img": "https://cdn.poe2db.tw/image/Art/2DItems/Weapons/TwoHandWeapons/Crossbows/2HCrossbow08.webp",
    "type": "base_item"
  },
  {
    "en": "Blackfire Crossbow",
    "cn": "黯焰战弩",
    "img": "https://cdn.poe2db.tw/image/Art/2DItems/Weapons/TwoHandWeapons/Crossbows/2HCrossbow09.webp",
    "type": "base_item"
  },
  {
    "en": "Piercing Crossbow",
    "cn": "穿刺战弩",
    "img": "https://cdn.poe2db.tw/image/Art/2DItems/Weapons/TwoHandWeapons/Crossbows/2HCrossbow10.webp",
    "type": "base_item"
  },
  {
    "en": "Cumbrous Crossbow",
    "cn": "重装战弩",
    "img": "https://cdn.poe2db.tw/image/Art/2DItems/Weapons/TwoHandWeapons/Crossbows/2HCrossbow04.webp",
    "type": "base_item"
  },
  {
    "en": "Dedalian Crossbow",
    "cn": "机巧战弩",
    "img": "https://cdn.poe2db.tw/image/Art/2DItems/Weapons/TwoHandWeapons/Crossbows/2HCrossbow04.webp",
    "type": "base_item"
  },
  {
    "en": "Esoteric Crossbow",
    "cn": "玄奥战弩",
    "img": "https://cdn.poe2db.tw/image/Art/2DItems/Weapons/TwoHandWeapons/Crossbows/2HCrossbow04.webp",
    "type": "base_item"
  },
  {
    "en": "Taut Crossbow",
    "cn": "绷紧战弩",
    "img": "https://cdn.poe2db.tw/image/Art/2DItems/Weapons/TwoHandWeapons/Crossbows/2HCrossbow02.webp",
    "type": "base_item"
  },
  {
    "en": "Robust Crossbow",
    "cn": "坚固战弩",
    "img": "https://cdn.poe2db.tw/image/Art/2DItems/Weapons/TwoHandWeapons/Crossbows/2HCrossbow03.webp",
    "type": "base_item"
  },
  {
    "en": "Painted Crossbow",
    "cn": "彩绘战弩",
    "img": "https://cdn.poe2db.tw/image/Art/2DItems/Weapons/TwoHandWeapons/Crossbows/2HCrossbow04.webp",
    "type": "base_item"
  },
  {
    "en": "Twin Crossbow",
    "cn": "双生战弩",
    "img": "https://cdn.poe2db.tw/image/Art/2DItems/Weapons/TwoHandWeapons/Crossbows/2HCrossbow05.webp",
    "type": "base_item"
  },
  {
    "en": "Cannonade Crossbow",
    "cn": "轰鸣战弩",
    "img": "https://cdn.poe2db.tw/image/Art/2DItems/Weapons/TwoHandWeapons/Crossbows/2HCrossbow07.webp",
    "type": "base_item"
  },
  {
    "en": "Bleak Crossbow",
    "cn": "刺骨战弩",
    "img": "https://cdn.poe2db.tw/image/Art/2DItems/Weapons/TwoHandWeapons/Crossbows/2HCrossbow08.webp",
    "type": "base_item"
  },
  {
    "en": "Stout Crossbow",
    "cn": "粗壮战弩",
    "img": "https://cdn.poe2db.tw/image/Art/2DItems/Weapons/TwoHandWeapons/Crossbows/2HCrossbow03.webp",
    "type": "base_item"
  },
  {
    "en": "Engraved Crossbow",
    "cn": "雕饰战弩",
    "img": "https://cdn.poe2db.tw/image/Art/2DItems/Weapons/TwoHandWeapons/Crossbows/2HCrossbow04.webp",
    "type": "base_item"
  },
  {
    "en": "Flexed Crossbow",
    "cn": "弯曲战弩",
    "img": "https://cdn.poe2db.tw/image/Art/2DItems/Weapons/TwoHandWeapons/Crossbows/2HCrossbow02.webp",
    "type": "base_item"
  },
  {
    "en": "Gemini Crossbow",
    "cn": "双灵战弩",
    "img": "https://cdn.poe2db.tw/image/Art/2DItems/Weapons/TwoHandWeapons/Crossbows/2HCrossbow05.webp",
    "type": "base_item"
  },
  {
    "en": "Siege Crossbow",
    "cn": "摧城弩",
    "img": "https://cdn.poe2db.tw/image/Art/2DItems/Weapons/TwoHandWeapons/Crossbows/2HCrossbow07.webp",
    "type": "base_item"
  },
  {
    "en": "Desolate Crossbow",
    "cn": "苍凉战弩",
    "img": "https://cdn.poe2db.tw/image/Art/2DItems/Weapons/TwoHandWeapons/Crossbows/2HCrossbow08.webp",
    "type": "base_item"
  },
  {
    "en": "Elegant Crossbow",
    "cn": "典雅战弩",
    "img": "https://cdn.poe2db.tw/image/Art/2DItems/Weapons/TwoHandWeapons/Crossbows/2HCrossbow10.webp",
    "type": "base_item"
  }
]