[
  {
    "en": "Wrapped Quarterstaff",
    "cn": "裹布节杖",
    "img": "https://cdn.poe2db.tw/image/Art/2DItems/Weapons/TwoHandWeapons/WarStaves/Warstaff01.webp",
    "type": "base_item"
  },
  {
    "en": "Long Quarterstaff",
    "cn": "长柄节杖",
    "img": "https://cdn.poe2db.tw/image/Art/2DItems/Weapons/TwoHandWeapons/WarStaves/Warstaff02.webp",
    "type": "base_item"
  },
  {
    "en": "Gothic Quarterstaff",
    "cn": "哥特节杖",
    "img": "https://cdn.poe2db.tw/image/Art/2DItems/Weapons/TwoHandWeapons/WarStaves/Warstaff03.webp",
    "type": "base_item"
  },
  {
    "en": "Crackling Quarterstaff",
    "cn": "霹雳节杖",
    "img": "https://cdn.poe2db.tw/image/Art/2DItems/Weapons/TwoHandWeapons/WarStaves/Warstaff04.webp",
    "type": "base_item"
  },
  {
    "en": "Crescent Quarterstaff",
    "cn": "月牙节杖",
    "img": "https://cdn.poe2db.tw/image/Art/2DItems/Weapons/TwoHandWeapons/WarStaves/Warstaff05.webp",
    "type": "base_item"
  },
  {
    "en": "Steelpoint Quarterstaff",
    "cn": "钢缘节杖",
    "img": "https://cdn.poe2db.tw/image/Art/2DItems/Weapons/TwoHandWeapons/WarStaves/Warstaff06.webp",
    "type": "base_item"
  },
  {
    "en": "Slicing Quarterstaff",
    "cn": "锋缘节杖",
    "img": "https://cdn.poe2db.tw/image/Art/2DItems/Weapons/TwoHandWeapons/WarStaves/Warstaff07.webp",
    "type": "base_item"
  },
  {
    "en": "Barrier Quarterstaff",
    "cn": "护身节杖",
    "img": "https://cdn.poe2db.tw/image/Art/2DItems/Weapons/TwoHandWeapons/WarStaves/Warstaff08.webp",
    "type": "base_item"
  },
  {
    "en": "Hefty Quarterstaff",
    "cn": "沉重节杖",
    "img": "https://cdn.poe2db.tw/image/Art/2DItems/Weapons/TwoHandWeapons/WarStaves/Warstaff09.webp",
    "type": "base_item"
  },
  {
    "en": "Smooth Quarterstaff",
    "cn": "优雅节杖",
    "img": "https://cdn.poe2db.tw/image/Art/2DItems/Weapons/TwoHandWeapons/WarStaves/Warstaff10.webp",
    "type": "base_item"
  },
  {
    "en": "Anima Quarterstaff",
    "cn": "心能节杖",
    "img": "https://cdn.poe2db.tw/image/Art/2DItems/Weapons/TwoHandWeapons/WarStaves/Warstaff01.webp",
    "type": "base_item"
  },
  {
    "en": "Graceful Quarterstaff",
    "cn": "风雅节杖",
    "img": "https://cdn.poe2db.tw/image/Art/2DItems/Weapons/TwoHandWeapons/WarStaves/Warstaff01.webp",
    "type": "base_item"
  },
  {
    "en": "Wyrm Quarterstaff",
    "cn": "腾龙节杖",
    "img": "https://cdn.poe2db.tw/image/Art/2DItems/Weapons/TwoHandWeapons/WarStaves/Warstaff01.webp",
    "type": "base_item"
  },
  {
    "en": "Reaching Quarterstaff",
    "cn": "延伸节杖",
    "img": "https://cdn.poe2db.tw/image/Art/2DItems/Weapons/TwoHandWeapons/WarStaves/Warstaff02.webp",
    "type": "base_item"
  },
  {
    "en": "Barbarous Quarterstaff",
    "cn": "蛮族节杖",
    "img": "https://cdn.poe2db.tw/image/Art/2DItems/Weapons/TwoHandWeapons/WarStaves/Warstaff03.webp",
    "type": "base_item"
  },
  {
    "en": "Arcing Quarterstaff",
    "cn": "弧影节杖",
    "img": "https://cdn.poe2db.tw/image/Art/2DItems/Weapons/TwoHandWeapons/WarStaves/Warstaff04.webp",
    "type": "base_item"
  },
  {
    "en": "Waxing Quarterstaff",
    "cn": "蜡饰节杖",
    "img": "https://cdn.poe2db.tw/image/Art/2DItems/Weapons/TwoHandWeapons/WarStaves/Warstaff05.webp",
    "type": "base_item"
  },
  {
    "en": "Bladed Quarterstaff",
    "cn": "锋刃节杖",
    "img": "https://cdn.poe2db.tw/image/Art/2DItems/Weapons/TwoHandWeapons/WarStaves/Warstaff07.webp",
    "type": "base_item"
  },
  {
    "en": "Guardian Quarterstaff",
    "cn": "守护者节杖",
    "img": "https://cdn.poe2db.tw/image/Art/2DItems/Weapons/TwoHandWeapons/WarStaves/Warstaff08.webp",
    "type": "base_item"
  },
  {
    "en": "Sinister Quarterstaff",
    "cn": "邪恶节杖",
    "img": "https://cdn.poe2db.tw/image/Art/2DItems/Weapons/TwoHandWeapons/WarStaves/Warstaff03.webp",
    "type": "base_item"
  },
  {
    "en": "Lunar Quarterstaff",
    "cn": "月光节杖",
    "img": "https://cdn.poe2db.tw/image/Art/2DItems/Weapons/TwoHandWeapons/WarStaves/Warstaff05.webp",
    "type": "base_item"
  },
  {
    "en": "Striking Quarterstaff",
    "cn": "打击节杖",
    "img": "https://cdn.poe2db.tw/image/Art/2DItems/Weapons/TwoHandWeapons/WarStaves/Warstaff02.webp",
    "type": "base_item"
  },
  {
    "en": "Bolting Quarterstaff",
    "cn": "霹雳节杖",
    "img": "https://cdn.poe2db.tw/image/Art/2DItems/Weapons/TwoHandWeapons/WarStaves/Warstaff04.webp",
    "type": "base_item"
  },
  {
    "en": "Aegis Quarterstaff",
    "cn": "神盾节杖",
    "img": "https://cdn.poe2db.tw/image/Art/2DItems/Weapons/TwoHandWeapons/WarStaves/Warstaff08.webp",
    "type": "base_item"
  },
  {
    "en": "Razor Quarterstaff",
    "cn": "刀锋节杖",
    "img": "https://cdn.poe2db.tw/image/Art/2DItems/Weapons/TwoHandWeapons/WarStaves/Warstaff07.webp",
    "type": "base_item"
  },
  {
    "en": "Skullcrusher Quarterstaff",
    "cn": "Skullcrusher Quarterstaff",
    "img": "https://cdn.poe2db.tw/image/Art/2DItems/Weapons/TwoHandWeapons/WarStaves/Warstaff09.webp",
    "type": "base_item"
  },
  {
    "en": "Dreaming Quarterstaff",
    "cn": "梦境节杖",
    "img": "https://cdn.poe2db.tw/image/Art/2DItems/Weapons/TwoHandWeapons/WarStaves/Warstaff10.webp",
    "type": "base_item"
  },
  {
    "en": "Charged Staff",
    "cn": "充能杖",
    "img": "https://cdn.poe2db.tw/image/Art/2DArt/SkillIcons/MonkChargedStaff.webp",
    "type": "base_item"
  },
  {
    "en": "One with the River",
    "cn": "与水同行",
    "img": "https://cdn.poe2db.tw/image/Art/2DArt/SkillIcons/passives/damagestaff.webp",
    "type": "base_item"
  },
  {
    "en": "Whirling Assault",
    "cn": "旋风击",
    "img": "https://cdn.poe2db.tw/image/Art/2DArt/SkillIcons/passives/damagestaff.webp",
    "type": "base_item"
  },
  {
    "en": "One with the Storm",
    "cn": "身随狂岚",
    "img": "https://cdn.poe2db.tw/image/Art/2DArt/SkillIcons/passives/damagestaff.webp",
    "type": "base_item"
  },
  {
    "en": "Martial Artistry",
    "cn": "武艺之相",
    "img": "https://cdn.poe2db.tw/image/Art/2DArt/SkillIcons/passives/damagestaff.webp",
    "type": "base_item"
  },
  {
    "en": "Hollow Palm Technique",
    "cn": "空明之掌",
    "img": "https://cdn.poe2db.tw/image/Art/2DArt/SkillIcons/passives/HollowPalmTechniqueKeystone.webp",
    "type": "base_item"
  },
  {
    "en": "Martial Weapons",
    "cn": "战斗武器",
    "img": "",
    "type": "base_item"
  }
]