[
  {
    "en": "Rattling Sceptre",
    "cn": "罪孽短杖",
    "img": "https://cdn.poe2db.tw/image/Art/2DItems/Weapons/OneHandWeapons/Scepters/Basetypes/Sceptre01.webp",
    "type": "base_item"
  },
  {
    "en": "Stoic Sceptre",
    "cn": "克己短杖",
    "img": "https://cdn.poe2db.tw/image/Art/2DItems/Weapons/OneHandWeapons/Scepters/Basetypes/Sceptre02.webp",
    "type": "base_item"
  },
  {
    "en": "Lupine Sceptre",
    "cn": "幽狼短杖",
    "img": "https://cdn.poe2db.tw/image/Art/2DItems/Weapons/OneHandWeapons/Scepters/Basetypes/Sceptre03.webp",
    "type": "base_item"
  },
  {
    "en": "Omen Sceptre",
    "cn": "预兆短杖",
    "img": "https://cdn.poe2db.tw/image/Art/2DItems/Weapons/OneHandWeapons/Scepters/Basetypes/Sceptre04.webp",
    "type": "base_item"
  },
  {
    "en": "Ochre Sceptre",
    "cn": "赤色短杖",
    "img": "https://cdn.poe2db.tw/image/Art/2DItems/Weapons/OneHandWeapons/Scepters/Basetypes/Sceptre05.webp",
    "type": "base_item"
  },
  {
    "en": "Shrine Sceptre",
    "cn": "圣地短杖",
    "img": "https://cdn.poe2db.tw/image/Art/2DItems/Weapons/OneHandWeapons/Scepters/Basetypes/Sceptre06a.webp",
    "type": "base_item"
  },
  {
    "en": "Devouring Sceptre",
    "cn": "吞噬短杖",
    "img": "https://cdn.poe2db.tw/image/Art/2DItems/Weapons/OneHandWeapons/Scepters/Basetypes/Sceptre07.webp",
    "type": "base_item"
  },
  {
    "en": "Clasped Sceptre",
    "cn": "握扣短杖",
    "img": "https://cdn.poe2db.tw/image/Art/2DItems/Weapons/OneHandWeapons/Scepters/Basetypes/Sceptre08.webp",
    "type": "base_item"
  },
  {
    "en": "Devotional Sceptre",
    "cn": "虔诚短杖",
    "img": "https://cdn.poe2db.tw/image/Art/2DItems/Weapons/OneHandWeapons/Scepters/Basetypes/Sceptre09.webp",
    "type": "base_item"
  },
  {
    "en": "Wrath Sceptre",
    "cn": "愤怒短杖",
    "img": "https://cdn.poe2db.tw/image/Art/2DItems/Weapons/OneHandWeapons/Scepters/Basetypes/Sceptre10.webp",
    "type": "base_item"
  },
  {
    "en": "Aromatic Sceptre",
    "cn": "芳香短杖",
    "img": "https://cdn.poe2db.tw/image/Art/2DItems/Weapons/OneHandWeapons/Scepters/Basetypes/Sceptre01.webp",
    "type": "base_item"
  },
  {
    "en": "Pious Sceptre",
    "cn": "虔信短杖",
    "img": "https://cdn.poe2db.tw/image/Art/2DItems/Weapons/OneHandWeapons/Scepters/Basetypes/Sceptre01.webp",
    "type": "base_item"
  },
  {
    "en": "Hallowed Sceptre",
    "cn": "崇圣短杖",
    "img": "https://cdn.poe2db.tw/image/Art/2DItems/Weapons/OneHandWeapons/Scepters/Basetypes/Sceptre01.webp",
    "type": "base_item"
  }
]