[
  {
    "en": "Hardwood Spear",
    "cn": "硬木长矛",
    "img": "https://cdn.poe2db.tw/image/Art/2DItems/Weapons/OneHandWeapons/OneHandSpears/1HSpear01.webp",
    "type": "base_item"
  },
  {
    "en": "Ironhead Spear",
    "cn": "铁头长矛",
    "img": "https://cdn.poe2db.tw/image/Art/2DItems/Weapons/OneHandWeapons/OneHandSpears/1HSpear02.webp",
    "type": "base_item"
  },
  {
    "en": "Hunting Spear",
    "cn": "狩猎长矛",
    "img": "https://cdn.poe2db.tw/image/Art/2DItems/Weapons/OneHandWeapons/OneHandSpears/1HSpear03.webp",
    "type": "base_item"
  },
  {
    "en": "Winged Spear",
    "cn": "飞翼长矛",
    "img": "https://cdn.poe2db.tw/image/Art/2DItems/Weapons/OneHandWeapons/OneHandSpears/1HSpear04.webp",
    "type": "base_item"
  },
  {
    "en": "War Spear",
    "cn": "历战长矛",
    "img": "https://cdn.poe2db.tw/image/Art/2DItems/Weapons/OneHandWeapons/OneHandSpears/1HSpear05.webp",
    "type": "base_item"
  },
  {
    "en": "Forked Spear",
    "cn": "分叉长矛",
    "img": "https://cdn.poe2db.tw/image/Art/2DItems/Weapons/OneHandWeapons/OneHandSpears/1HSpear06.webp",
    "type": "base_item"
  },
  {
    "en": "Barbed Spear",
    "cn": "倒刺长矛",
    "img": "https://cdn.poe2db.tw/image/Art/2DItems/Weapons/OneHandWeapons/OneHandSpears/1HSpear07.webp",
    "type": "base_item"
  },
  {
    "en": "Broad Spear",
    "cn": "宽首长矛",
    "img": "https://cdn.poe2db.tw/image/Art/2DItems/Weapons/OneHandWeapons/OneHandSpears/1HSpear08.webp",
    "type": "base_item"
  },
  {
    "en": "Crossblade Spear",
    "cn": "十字长矛",
    "img": "https://cdn.poe2db.tw/image/Art/2DItems/Weapons/OneHandWeapons/OneHandSpears/1HSpear09.webp",
    "type": "base_item"
  },
  {
    "en": "Seaglass Spear",
    "cn": "海琉长矛",
    "img": "https://cdn.poe2db.tw/image/Art/2DItems/Weapons/OneHandWeapons/OneHandSpears/1HSpear10.webp",
    "type": "base_item"
  },
  {
    "en": "Sword Spear",
    "cn": "剑刃长矛",
    "img": "https://cdn.poe2db.tw/image/Art/2DItems/Weapons/OneHandWeapons/OneHandSpears/1HSpear11.webp",
    "type": "base_item"
  },
  {
    "en": "Striking Spear",
    "cn": "精标长矛",
    "img": "https://cdn.poe2db.tw/image/Art/2DItems/Weapons/OneHandWeapons/OneHandSpears/1HSpear12.webp",
    "type": "base_item"
  },
  {
    "en": "Helix Spear",
    "cn": "螺旋长矛",
    "img": "https://cdn.poe2db.tw/image/Art/2DItems/Weapons/OneHandWeapons/OneHandSpears/1HSpear13.webp",
    "type": "base_item"
  },
  {
    "en": "Steelhead Spear",
    "cn": "钢头战矛",
    "img": "https://cdn.poe2db.tw/image/Art/2DItems/Weapons/OneHandWeapons/OneHandSpears/1HSpear02.webp",
    "type": "base_item"
  },
  {
    "en": "Coursing Spear",
    "cn": "追击战矛",
    "img": "https://cdn.poe2db.tw/image/Art/2DItems/Weapons/OneHandWeapons/OneHandSpears/1HSpear03.webp",
    "type": "base_item"
  },
  {
    "en": "Swift Spear",
    "cn": "迅捷战矛",
    "img": "https://cdn.poe2db.tw/image/Art/2DItems/Weapons/OneHandWeapons/OneHandSpears/1HSpear05.webp",
    "type": "base_item"
  },
  {
    "en": "Branched Spear",
    "cn": "分叉战矛",
    "img": "https://cdn.poe2db.tw/image/Art/2DItems/Weapons/OneHandWeapons/OneHandSpears/1HSpear06.webp",
    "type": "base_item"
  },
  {
    "en": "Jagged Spear",
    "cn": "锯齿战矛",
    "img": "https://cdn.poe2db.tw/image/Art/2DItems/Weapons/OneHandWeapons/OneHandSpears/1HSpear07.webp",
    "type": "base_item"
  },
  {
    "en": "Massive Spear",
    "cn": "重型战矛",
    "img": "https://cdn.poe2db.tw/image/Art/2DItems/Weapons/OneHandWeapons/OneHandSpears/1HSpear08.webp",
    "type": "base_item"
  },
  {
    "en": "Orichalcum Spear",
    "cn": "奥利哈刚战矛",
    "img": "https://cdn.poe2db.tw/image/Art/2DItems/Weapons/OneHandWeapons/OneHandSpears/1HSpear02.webp",
    "type": "base_item"
  },
  {
    "en": "Soaring Spear",
    "cn": "Soaring Spear",
    "img": "https://cdn.poe2db.tw/image/Art/2DItems/Weapons/OneHandWeapons/OneHandSpears/1HSpear04.webp",
    "type": "base_item"
  },
  {
    "en": "Pronged Spear",
    "cn": "叉尖战矛",
    "img": "https://cdn.poe2db.tw/image/Art/2DItems/Weapons/OneHandWeapons/OneHandSpears/1HSpear06.webp",
    "type": "base_item"
  },
  {
    "en": "Stalking Spear",
    "cn": "潜行战矛",
    "img": "https://cdn.poe2db.tw/image/Art/2DItems/Weapons/OneHandWeapons/OneHandSpears/1HSpear03.webp",
    "type": "base_item"
  },
  {
    "en": "Flying Spear",
    "cn": "飞行战矛",
    "img": "https://cdn.poe2db.tw/image/Art/2DItems/Weapons/OneHandWeapons/OneHandSpears/1HSpear05.webp",
    "type": "base_item"
  },
  {
    "en": "Grand Spear",
    "cn": "宏伟战矛",
    "img": "https://cdn.poe2db.tw/image/Art/2DItems/Weapons/OneHandWeapons/OneHandSpears/1HSpear08.webp",
    "type": "base_item"
  },
  {
    "en": "Spiked Spear",
    "cn": "尖刺战矛",
    "img": "https://cdn.poe2db.tw/image/Art/2DItems/Weapons/OneHandWeapons/OneHandSpears/1HSpear07.webp",
    "type": "base_item"
  },
  {
    "en": "Guardian Spear",
    "cn": "Guardian Spear",
    "img": "https://cdn.poe2db.tw/image/Art/2DItems/Weapons/OneHandWeapons/OneHandSpears/1HSpear09.webp",
    "type": "base_item"
  },
  {
    "en": "Akoyan Spear",
    "cn": "阿科扬战矛",
    "img": "https://cdn.poe2db.tw/image/Art/2DItems/Weapons/OneHandWeapons/OneHandSpears/1HSpear10.webp",
    "type": "base_item"
  }
]