[
  {
    "en": "Amor Mandragora",
    "cn": "Amor Mandragora Changeling Talisman",
    "img": "https://web.poecdn.com/protected/image/poe2/announcements/the-last-druids/items/AmorMandragora.png?key=dtf17c062PbeaDXRNIaSDA&scale=1",
    "type": "base_item"
  },
  {
    "en": "Changeling Talisman",
    "cn": "Changeling Talisman",
    "img": "https://cdn.poe2db.tw/image/Art/2DItems/Offhand/Talismans/ChangelingTalisman.webp",
    "type": "base_item"
  },
  {
    "en": "Nettle Talisman",
    "cn": "Nettle Talisman",
    "img": "https://cdn.poe2db.tw/image/Art/2DItems/Offhand/Talismans/NettleTalisman.webp",
    "type": "base_item"
  },
  {
    "en": "Cinderbark Talisman",
    "cn": "Cinderbark Talisman",
    "img": "https://cdn.poe2db.tw/image/Art/2DItems/Offhand/Talismans/CinderbarkTalisman.webp",
    "type": "base_item"
  },
  {
    "en": "Familial Talisman",
    "cn": "Familial Talisman",
    "img": "https://cdn.poe2db.tw/image/Art/2DItems/Offhand/Talismans/FamilialTalisman.webp",
    "type": "base_item"
  },
  {
    "en": "Frenzied Talisman",
    "cn": "Frenzied Talisman",
    "img": "https://cdn.poe2db.tw/image/Art/2DItems/Offhand/Talismans/FrenziedTalisman.webp",
    "type": "base_item"
  },
  {
    "en": "Primal Talisman",
    "cn": "Primal Talisman",
    "img": "https://cdn.poe2db.tw/image/Art/2DItems/Offhand/Talismans/PrimalTalisman.webp",
    "type": "base_item"
  },
  {
    "en": "Rabid Talisman",
    "cn": "Rabid Talisman",
    "img": "https://cdn.poe2db.tw/image/Art/2DItems/Offhand/Talismans/RabidTalisman.webp",
    "type": "base_item"
  },
  {
    "en": "Vicious Talisman",
    "cn": "Vicious Talisman",
    "img": "https://cdn.poe2db.tw/image/Art/2DItems/Offhand/Talismans/ViciousTalisman.webp",
    "type": "base_item"
  },
  {
    "en": "Voltfang Talisman",
    "cn": "Voltfang Talisman",
    "img": "https://cdn.poe2db.tw/image/Art/2DItems/Offhand/Talismans/VoltfangTalisman.webp",
    "type": "base_item"
  },
  {
    "en": "Lumbering Talisman",
    "cn": "Lumbering Talisman",
    "img": "https://cdn.poe2db.tw/image/Art/2DItems/Offhand/Talismans/LumberingTalisman.webp",
    "type": "base_item"
  },
  {
    "en": "Roaring Talisman",
    "cn": "Roaring Talisman",
    "img": "https://cdn.poe2db.tw/image/Art/2DItems/Offhand/Talismans/RoaringTalisman.webp",
    "type": "base_item"
  },
  {
    "en": "Wingbeat Talisman",
    "cn": "Wingbeat Talisman",
    "img": "https://cdn.poe2db.tw/image/Art/2DItems/Offhand/Talismans/WingbeatTalisman.webp",
    "type": "base_item"
  },
  {
    "en": "Condemned Talisman",
    "cn": "Condemned Talisman",
    "img": "https://cdn.poe2db.tw/image/Art/2DItems/Offhand/Talismans/CondemnedTalisman.webp",
    "type": "base_item"
  },
  {
    "en": "Howling Talisman",
    "cn": "Howling Talisman",
    "img": "https://cdn.poe2db.tw/image/Art/2DItems/Offhand/Talismans/PrimalTalisman.webp",
    "type": "base_item"
  },
  {
    "en": "Fury Talisman",
    "cn": "Fury Talisman",
    "img": "https://cdn.poe2db.tw/image/Art/2DItems/Offhand/Talismans/RabidTalisman.webp",
    "type": "base_item"
  },
  {
    "en": "Cruel Talisman",
    "cn": "Cruel Talisman",
    "img": "https://cdn.poe2db.tw/image/Art/2DItems/Offhand/Talismans/ViciousTalisman.webp",
    "type": "base_item"
  },
  {
    "en": "Spiny Talisman",
    "cn": "Spiny Talisman",
    "img": "https://cdn.poe2db.tw/image/Art/2DItems/Offhand/Talismans/NettleTalisman.webp",
    "type": "base_item"
  },
  {
    "en": "Ashbark Talisman",
    "cn": "Ashbark Talisman",
    "img": "https://cdn.poe2db.tw/image/Art/2DItems/Offhand/Talismans/CinderbarkTalisman.webp",
    "type": "base_item"
  },
  {
    "en": "Fang Talisman",
    "cn": "Fang Talisman",
    "img": "https://cdn.poe2db.tw/image/Art/2DItems/Offhand/Talismans/FamilialTalisman.webp",
    "type": "base_item"
  },
  {
    "en": "Fungal Talisman",
    "cn": "Fungal Talisman",
    "img": "https://cdn.poe2db.tw/image/Art/2DItems/Offhand/Talismans/FrenziedTalisman.webp",
    "type": "base_item"
  },
  {
    "en": "Alpha Talisman",
    "cn": "Alpha Talisman",
    "img": "https://cdn.poe2db.tw/image/Art/2DItems/Offhand/Talismans/PrimalTalisman.webp",
    "type": "base_item"
  },
  {
    "en": "Maji Talisman",
    "cn": "Maji Talisman",
    "img": "https://cdn.poe2db.tw/image/Art/2DItems/Offhand/Talismans/RabidTalisman.webp",
    "type": "base_item"
  },
  {
    "en": "Wildwood Talisman",
    "cn": "Wildwood Talisman",
    "img": "https://cdn.poe2db.tw/image/Art/2DItems/Offhand/Talismans/ViciousTalisman.webp",
    "type": "base_item"
  },
  {
    "en": "Thunder Talisman",
    "cn": "Thunder Talisman",
    "img": "https://cdn.poe2db.tw/image/Art/2DItems/Offhand/Talismans/VoltfangTalisman.webp",
    "type": "base_item"
  },
  {
    "en": "Jade Talisman",
    "cn": "Jade Talisman",
    "img": "https://cdn.poe2db.tw/image/Art/2DItems/Offhand/Talismans/LumberingTalisman.webp",
    "type": "base_item"
  },
  {
    "en": "Lord of the Wilds",
    "cn": "Lord of the Wilds",
    "img": "https://cdn.poe2db.tw/image/Art/2DArt/SkillIcons/passives/DruidAnimism.webp",
    "type": "base_item"
  }
]